{
  "block_pos": {
    "x": -12.453952000000001,
    "y": 7.711068,
    "z": 9.792667,
    "roll": -0.6119412487931339,
    "pitch": 0.005353101070250509,
    "yaw": -1.5278500933906032
  },
  "box1": {
    "point_0": {
      "x": -12.453952000000001,
      "y": 7.711068,
      "z": 9.792667
    },
    "point_1": {
      "x": -19.854398,
      "y": 7.631997,
      "z": 9.990062
    },
    "point_2": {
      "x": -19.654426,
      "y": 7.6326979999999995,
      "z": 17.487396
    },
    "point_3": {
      "x": -12.253981000000001,
      "y": 7.711767999999999,
      "z": 17.290001
    },
    "point_4": {
      "x": -12.398737,
      "y": 2.540863,
      "z": 9.791678000000001
    },
    "point_5": {
      "x": -19.799183,
      "y": 2.461792,
      "z": 9.989072
    },
    "point_6": {
      "x": -19.599211,
      "y": 2.4624929999999994,
      "z": 17.486406000000002
    },
    "point_7": {
      "x": -12.198766,
      "y": 2.541563,
      "z": 17.289011000000002
    }
  },
  "box2": {
    "point_0": {
      "x": -12.453952000000001,
      "y": 7.711068,
      "z": 9.792667
    },
    "point_1": {
      "x": -19.85437242942411,
      "y": 7.631997273212048,
      "z": 9.990061317945996
    },
    "point_2": {
      "x": -19.65440144008638,
      "y": 7.632697273174724,
      "z": 17.487394918195044
    },
    "point_3": {
      "x": -12.25398101066227,
      "y": 7.711767999962676,
      "z": 17.290000600249048
    },
    "point_4": {
      "x": -12.398737072546462,
      "y": 2.540869793083017,
      "z": 9.791678001299438
    },
    "point_5": {
      "x": -19.79915750197057,
      "y": 2.4617990662950646,
      "z": 9.989072319245434
    },
    "point_6": {
      "x": -19.59918651263284,
      "y": 2.462499066257741,
      "z": 17.48640591949448
    },
    "point_7": {
      "x": -12.198766083208731,
      "y": 2.541569793045693,
      "z": 17.289011601548488
    }
  },
  "R1": {
    "top_left": {
      "x": -12.267459058561215,
      "y": 7.709621155986032,
      "z": 17.290360291933133
    },
    "top_right": {
      "x": -12.46742988127884,
      "y": 7.708920438744867,
      "z": 9.793048629617168
    },
    "bottom_right": {
      "x": -12.433766365201796,
      "y": 4.557112296430821,
      "z": 9.792445320737524
    },
    "bottom_left": {
      "x": -12.233795542484172,
      "y": 4.557813013671986,
      "z": 17.28975698305349
    }
  },
  "R2": {
    "top_left": {
      "x": -19.62574100049993,
      "y": 4.94884772326662,
      "z": 17.486880895800606
    },
    "top_right": {
      "x": -19.825711823217553,
      "y": 4.948147006025454,
      "z": 9.98956923348464
    },
    "bottom_right": {
      "x": -16.746995479920372,
      "y": 4.981044814805637,
      "z": 9.907449599157614
    },
    "bottom_left": {
      "x": -16.547024657202748,
      "y": 4.981745532046802,
      "z": 17.404761261473578
    }
  },
  "R3": {
    "top_left": {
      "x": -16.033938383089446,
      "y": 5.301908106809857,
      "z": 17.39104612831291
    },
    "top_right": {
      "x": -16.23390920580707,
      "y": 5.301207389568692,
      "z": 9.893734465996948
    },
    "bottom_right": {
      "x": -14.352896225713208,
      "y": 7.223528475216667,
      "z": 9.843383789154062
    },
    "bottom_left": {
      "x": -14.152925402995583,
      "y": 7.224229192457832,
      "z": 17.340695451470026
    }
  },
  "R4": {
    "top_left": {
      "x": -16.303547239270934,
      "y": 5.026379625410957,
      "z": 17.39826297813548
    },
    "top_right": {
      "x": -16.503518061988558,
      "y": 5.025678908169792,
      "z": 9.900951315819515
    },
    "bottom_right": {
      "x": -16.23390920580707,
      "y": 5.301207389568692,
      "z": 9.893734465996948
    },
    "bottom_left": {
      "x": -16.033938383089446,
      "y": 5.301908106809857,
      "z": 17.39104612831291
    }
  }
}