{"count":1,"self":12.729172799999999,"total":12.752612599999999,"children":{"InitializeActuators":{"count":1,"self":0.0023103999999999998,"total":0.0023103999999999998,"children":null},"InitializeSensors":{"count":1,"self":0.0057151,"total":0.0057151,"children":null},"AgentSendState":{"count":348,"self":0.0035345999999999997,"total":0.0077326999999999995,"children":{"UpdateModelSpacePoses":{"count":18,"self":0.00052779999999999993,"total":0.00052779999999999993,"children":null},"CollectObservations":{"count":18,"self":0,"total":0,"children":null},"WriteActionMask":{"count":18,"self":0.0010157999999999999,"total":0.0010157999999999999,"children":null},"RequestDecision":{"count":18,"self":0.0026544999999999997,"total":0.0026544999999999997,"children":null}}},"DecideAction":{"count":348,"self":0.0044843,"total":0.0044843,"children":null},"AgentAct":{"count":348,"self":0.0010623,"total":0.0010623,"children":null}},"gauges":{},"metadata":{"timer_format_version":"0.1.0","start_time_seconds":"1742804634","unity_version":"6000.0.41f1","command_line_arguments":"C:\\Program Files\\Unity\\Hub\\Editor\\6000.0.41f1\\Editor\\Unity.exe -projectpath D:\\Works\\Magenta_Framework -useHub -hubIPC -cloudEnvironment production","communication_protocol_version":"1.5.0","com.unity.ml-agents_version":"3.0.0","scene_name":"ArticulationRobot_MLAgents","end_time_seconds":"1742804647"}}