{
  "block_pos": {
    "x": -12.453952000000001,
    "y": 7.711068,
    "z": 9.792667,
    "roll": -0.6119412487931339,
    "pitch": 0.005353101070250509,
    "yaw": -1.5278500933906032
  },
  "R1": {
    "top_left": {
      "x": -12.267459058561215,
      "y": 7.709621155986032,
      "z": 17.290360291933133
    },
    "top_right": {
      "x": -12.46742988127884,
      "y": 7.708920438744867,
      "z": 9.793048629617168
    },
    "bottom_right": {
      "x": -12.433766365201796,
      "y": 4.557112296430821,
      "z": 9.792445320737524
    },
    "bottom_left": {
      "x": -12.233795542484172,
      "y": 4.557813013671986,
      "z": 17.28975698305349
    }
  },
  "R2": {
    "top_left": {
      "x": -19.62574100049993,
      "y": 4.94884772326662,
      "z": 17.486880895800606
    },
    "top_right": {
      "x": -19.825711823217553,
      "y": 4.948147006025454,
      "z": 9.98956923348464
    },
    "bottom_right": {
      "x": -16.746995479920372,
      "y": 4.981044814805637,
      "z": 9.907449599157614
    },
    "bottom_left": {
      "x": -16.547024657202748,
      "y": 4.981745532046802,
      "z": 17.404761261473578
    }
  },
  "R3": {
    "top_left": {
      "x": -16.033938383089446,
      "y": 5.301908106809857,
      "z": 17.39104612831291
    },
    "top_right": {
      "x": -16.23390920580707,
      "y": 5.301207389568692,
      "z": 9.893734465996948
    },
    "bottom_right": {
      "x": -14.352896225713208,
      "y": 7.223528475216667,
      "z": 9.843383789154062
    },
    "bottom_left": {
      "x": -14.152925402995583,
      "y": 7.224229192457832,
      "z": 17.340695451470026
    }
  },
  "R4": {
    "top_left": {
      "x": -16.303547239270934,
      "y": 5.026379625410957,
      "z": 17.39826297813548
    },
    "top_right": {
      "x": -16.503518061988558,
      "y": 5.025678908169792,
      "z": 9.900951315819515
    },
    "bottom_right": {
      "x": -16.23390920580707,
      "y": 5.301207389568692,
      "z": 9.893734465996948
    },
    "bottom_left": {
      "x": -16.033938383089446,
      "y": 5.301908106809857,
      "z": 17.39104612831291
    }
  }
}