{
  "block_pos": {
    "x": -8.277275,
    "y": 7.638294,
    "z": 8.105167,
    "rx": -0.15460513602479825,
    "ry": 1.2586559758215088,
    "rz": 0.15231321504869888
  },
  "box1": {
    "point_0": {
      "x": -8.277275,
      "y": 7.638294,
      "z": 8.105167
    },
    "point_1": {
      "x": -15.678958,
      "y": 7.618614,
      "z": 8.267842
    },
    "point_2": {
      "x": -15.514212,
      "y": 7.638854,
      "z": 15.766003
    },
    "point_3": {
      "x": -8.112529,
      "y": 7.658534,
      "z": 15.603329
    },
    "point_4": {
      "x": -8.263226,
      "y": 2.467831,
      "z": 8.118812
    },
    "point_5": {
      "x": -15.66491,
      "y": 2.448151,
      "z": 8.281488
    },
    "point_6": {
      "x": -15.500164,
      "y": 2.468391,
      "z": 15.779649
    },
    "point_7": {
      "x": -8.098481,
      "y": 2.48807,
      "z": 15.616974
    }
  },
  "box2": {
    "point_0": {
      "x": -8.277275,
      "y": 7.638294,
      "z": 8.105167
    },
    "point_1": {
      "x": -15.67893622764127,
      "y": 7.618614057889539,
      "z": 8.267841521484714
    },
    "point_2": {
      "x": -15.514190204621286,
      "y": 7.638854060717678,
      "z": 15.76600456920411
    },
    "point_3": {
      "x": -8.112528976980014,
      "y": 7.658534002828139,
      "z": 15.603330047719396
    },
    "point_4": {
      "x": -8.263226018926135,
      "y": 2.467837965398492,
      "z": 8.118811981618114
    },
    "point_5": {
      "x": -15.664887246567407,
      "y": 2.4481580232880313,
      "z": 8.281486503102828
    },
    "point_6": {
      "x": -15.500141223547422,
      "y": 2.46839802611617,
      "z": 15.779649550822224
    },
    "point_7": {
      "x": -8.09847999590615,
      "y": 2.488077968226631,
      "z": 15.61697502933751
    }
  },
  "R1": {
    "top_left": {
      "x": -8.126027849535312,
      "y": 7.656492415528256,
      "z": 15.603632144788747
    },
    "top_right": {
      "x": -8.290771198792163,
      "y": 7.6362547342938,
      "z": 8.105490971939583
    },
    "bottom_right": {
      "x": -8.282203451253993,
      "y": 4.4842893870388005,
      "z": 8.113809965820444
    },
    "bottom_left": {
      "x": -8.117460101997143,
      "y": 4.504527068273257,
      "z": 15.611951138669609
    }
  },
  "R2": {
    "top_left": {
      "x": -15.5069020420451,
      "y": 4.954866356022385,
      "z": 15.773090754947415
    },
    "top_right": {
      "x": -15.67164539130195,
      "y": 4.934628674787929,
      "z": 8.274949582098248
    },
    "bottom_right": {
      "x": -12.592412855285794,
      "y": 4.942819344326605,
      "z": 8.207272963375642
    },
    "bottom_left": {
      "x": -12.427669506028943,
      "y": 4.96305702556106,
      "z": 15.705414136224807
    }
  },
  "R3": {
    "top_left": {
      "x": -11.911991338932696,
      "y": 5.279090733824404,
      "z": 15.693231071685556
    },
    "top_right": {
      "x": -12.076734688189546,
      "y": 5.258853052589949,
      "z": 8.19508989883639
    },
    "bottom_right": {
      "x": -10.180258516655883,
      "y": 7.1660105788160955,
      "z": 8.148274524962796
    },
    "bottom_left": {
      "x": -10.015515167399032,
      "y": 7.186248260050552,
      "z": 15.64641569781196
    }
  },
  "R4": {
    "top_left": {
      "x": -12.183816552133539,
      "y": 5.005735671683091,
      "z": 15.699941197233578
    },
    "top_right": {
      "x": -12.34855990139039,
      "y": 4.985497990448635,
      "z": 8.201800024384411
    },
    "bottom_right": {
      "x": -12.076734688189546,
      "y": 5.258853052589949,
      "z": 8.19508989883639
    },
    "bottom_left": {
      "x": -11.911991338932696,
      "y": 5.279090733824404,
      "z": 15.693231071685556
    }
  }
}