{
  "block_pos": {
    "x": -8.277275,
    "y": 7.638294,
    "z": 8.105167,
    "rx": -0.15460513602479825,
    "ry": 1.2586559758215088,
    "rz": 0.15231321504869888
  },
  "R1": {
    "top_left":   { "x": -8.371323, "y": 3.265226, "z": 15.6175 },
    "top_right":  { "x": -8.554323, "y": 3.279225, "z": 8.1045 },
    "bottom_right": { "x": -8.736323, "y": 3.010225, "z": 8.1045 },
    "bottom_left":  { "x": -8.553323, "y": 2.996226, "z": 15.6175 }
  },
  "R2": {
    "top_left":   { "x": -8.205323, "y": 3.527226, "z": 15.6175 },
    "top_right":  { "x": -8.388323, "y": 3.541225, "z": 8.1045 },
    "bottom_right": { "x": -8.554323, "y": 3.279225, "z": 8.1045 },
    "bottom_left":  { "x": -8.371323, "y": 3.265226, "z": 15.6175 }
  },
  "R3": {
    "top_left":   { "x": -8.100323, "y": 3.854226, "z": 15.6175 },
    "top_right":  { "x": -8.283323, "y": 3.868225, "z": 8.1045 },
    "bottom_right": { "x": -8.388323, "y": 3.541225, "z": 8.1045 },
    "bottom_left":  { "x": -8.205323, "y": 3.527226, "z": 15.6175 }
  },
  "R4": {
    "top_left":   { "x": -8.065323, "y": 4.182226, "z": 15.6175 },
    "top_right":  { "x": -8.248323, "y": 4.196226, "z": 8.1045 },
    "bottom_right": { "x": -8.283323, "y": 3.868225, "z": 8.1045 },
    "bottom_left":  { "x": -8.100323, "y": 3.854226, "z": 15.6175 }
  },
  "R5": {
    "top_left":   { "x": -8.053323, "y": 4.487226, "z": 15.6175 },
    "top_right":  { "x": -8.253323, "y": 4.487226, "z": 8.1025 },
    "bottom_right": { "x": -8.248323, "y": 4.196226, "z": 8.1045 },
    "bottom_left":  { "x": -8.065323, "y": 4.182226, "z": 15.6175 }
  },
  "R6": {
    "top_left": {
      "x": -8.126027849535312,
      "y": 7.656492415528256,
      "z": 15.603632144788747
    },
    "top_right": {
      "x": -8.290771198792163,
      "y": 7.6362547342938,
      "z": 8.105490971939583
    },
    "bottom_right": {
      "x": -8.282203451253993,
      "y": 4.4842893870388005,
      "z": 8.113809965820444
    },
    "bottom_left": {
      "x": -8.117460101997143,
      "y": 4.504527068273257,
      "z": 15.611951138669609
    }
  },
  "R7": {
    "top_left": {
    "x": -9.827,
    "y": 7.658534,
    "z": 15.60333
    },
    "top_right": {
      "x": -9.827 ,
      "y": 7.638294,
      "z": 8.105167
    },
    "bottom_right": {
      "x": -8.277275,
      "y": 7.638294,
      "z": 8.105167
    },
    "bottom_left": {
      "x": -8.112529,
      "y": 7.658534,
      "z": 15.60333
    }
  },
  "R8": {
    "top_left": {
    "x": -12.183816552133539,
    "y": 5.005735671683091,
    "z": 15.699941197233578
    },
    "top_right": {
      "x": -12.34855990139039,
      "y": 4.985497990448635,
      "z": 8.201800024384411
    },
    "bottom_right": {
      "x": -10.180258516655883,
      "y": 7.1660105788160955,
      "z": 8.148274524962796
    },
    "bottom_left": {
      "x": -10.015515167399032,
      "y": 7.186248260050552,
      "z": 15.64641569781196
    }
  },
  "R9": {
    "top_left": {
      "x": -15.5069020420451,
      "y": 4.954866356022385,
      "z": 15.773090754947415
    },
    "top_right": {
      "x": -15.67164539130195,
      "y": 4.934628674787929,
      "z": 8.274949582098248
    },
    "bottom_right": {
      "x": -12.592412855285794,
      "y": 4.942819344326605,
      "z": 8.207272963375642
    },
    "bottom_left": {
      "x": -12.427669506028943,
      "y": 4.96305702556106,
      "z": 15.705414136224807
    }
  },
  "R10": {
    "top_left":   { "x": -15.649033, "y": 4.963373, "z": 8.30207 },
    "top_right":  { "x": -15.449063, "y": 4.964074, "z": 15.79938 },
    "bottom_right": { "x": -15.622323, "y": 2.777226, "z": 8.3015 },
    "bottom_left":  { "x": -15.422323, "y": 2.777226, "z": 15.7985 }
  },
  "W1": {
    "top_left":   { "x": -8.6105, "y": 3.0004, "z": 15.6255 },
    "top_right":  { "x": -8.765, "y": 3.0004, "z": 8.121 },
    "bottom_right": { "x": -8.5005, "y": 2.752, "z": 8.121 },
    "bottom_left":  { "x": -8.346, "y": 2.752, "z": 15.6255 }
  }
}