{
  "block_pos": {
    "x": 0.9804741,
    "y": 1.2260735,
    "z": 0.7776006,
    "roll": -0.010546,
    "pitch": 0.229376,
    "yaw": -0.192818
  },
  "R1": {
    "top_left": {"x": 1.730467584761481, "y": 1.2249000476288303, "z": 0.7743974875301357}, 
    "top_right": {"x": 0.9804800352390332, "y": 1.227423994010959, "z": 0.7774000005432241},
    "bottom_right": {"x":0.9792179908719634, "y": 1.2273698436148834, "z": 0.46220373480664523},
    "bottom_left": {"x": 1.7292055403944113, "y": 1.224845897232755, "z": 0.45920122179355677}
  },
  "R3": {
    "top_left": {"x": 1.7318801244155084, "y": 1.9638472502103488, "z": 0.5060636081096908}, 
    "top_right": {"x": 0.9818925748930606, "y": 1.9663711965924775, "z": 0.5090661211227792},
    "bottom_right": {"x": 0.9808562954256542, "y": 1.6583742402701698, "z": 0.5091231084647325},
    "bottom_left": {"x": 1.730843844948102, "y": 1.6558502938880413, "z": 0.5061205954516441}
  },
  "R2": {
    "top_left": {"x": 0.9809300738962602, "y": 1.4165364452010576, "z": 0.7308435670945553}, 
    "top_right": {"x": 1.730917623418708, "y": 1.4140124988189289, "z":0.7278410540814669},
    "bottom_right": {"x": 1.7307785693163669, "y": 1.6314484564930858, "z": 0.5103280770068388},
    "bottom_left": {"x": 0.9807910197939191, "y": 1.6339724028752143, "z": 0.5133305900199272}
  }
}